{"cameraMode":{"drawMode":0,"name":"Shaded","section":"Shading Mode"},"sceneLighting":false,"audioPlay":false,"sceneViewState":{"m_AlwaysRefresh":false,"showFog":false,"showSkybox":false,"showFlares":false,"showImageEffects":false,"showParticleSystems":false,"showVisualEffectGraphs":true,"m_FxEnabled":true},"in2DMode":false,"pivot":{"x":0.05675315856933594,"y":7.9422688484191898,"z":0.09018945693969727},"rotation":{"x":-0.0026817074976861479,"y":-0.9647572636604309,"z":0.26296040415763857,"w":-0.009844176471233368},"size":12.721203804016114,"orthographic":false}