{"cameraMode":{"drawMode":0,"name":"Shaded","section":"Shading Mode"},"sceneLighting":false,"audioPlay":false,"sceneViewState":{"m_AlwaysRefresh":false,"showFog":false,"showSkybox":false,"showFlares":false,"showImageEffects":false,"showParticleSystems":false,"showVisualEffectGraphs":true,"m_FxEnabled":true},"in2DMode":false,"pivot":{"x":0.6803741455078125,"y":0.9720801711082459,"z":0.07112252712249756},"rotation":{"x":-0.0064840251579880718,"y":-0.9744514226913452,"z":0.02836642414331436,"w":-0.2227240949869156},"size":0.8892345428466797,"orthographic":false}