{"cameraMode":{"drawMode":0,"name":"Shaded","section":"Shading Mode"},"sceneLighting":false,"audioPlay":false,"sceneViewState":{"showFog":true,"showMaterialUpdate":false,"showSkybox":false,"showFlares":true,"showImageEffects":true,"showParticleSystems":true},"in2DMode":false,"pivot":{"x":-3.1033058166503908,"y":10.314000129699707,"z":-40.589996337890628},"rotation":{"x":0.35763248801231387,"y":0.3306649625301361,"z":-0.13702528178691865,"w":0.8626097440719605},"size":43.08574676513672,"orthographic":false}