{"cameraMode":{"drawMode":0,"name":"Shaded","section":"Shading Mode"},"sceneLighting":false,"audioPlay":false,"sceneViewState":{"m_AlwaysRefresh":false,"showFog":false,"showSkybox":false,"showFlares":false,"showImageEffects":false,"showParticleSystems":false,"showVisualEffectGraphs":true,"m_FxEnabled":true},"in2DMode":false,"pivot":{"x":0.0787057876586914,"y":7.921998500823975,"z":-0.01456451416015625},"rotation":{"x":-0.0022872639819979669,"y":-0.9647709131240845,"z":0.262964129447937,"w":-0.008397029712796212},"size":12.662397384643555,"orthographic":false}